Session,Session01,Session02,ActiveDrug,Complex,Complexity,y
2,0,1,0,1,-0.527531258065785,-0.177106462020987
2,0,1,1,0,0,3.3255358256558
0,0,0,1,1,0.507341620791714,-0.365309981693862
2,0,1,1,0,0,0.983392532484381
1,1,0,0,0,0,-0.0630215718385416
0,0,0,1,0,0,-1.72485186090329
0,0,0,1,1,1.63103792928019,1.87983437593631
1,1,0,0,1,-1.05225099724725,-1.06355153037739
2,0,1,1,0,0,0.0737311297574531
2,0,1,0,1,0.413816798746353,1.92081491026937
0,0,0,0,1,0.590583684048469,0.642731150970994
2,0,1,0,1,1.10735331202789,0.37099667646965
2,0,1,1,1,1.32167956390223,-0.145419834492368
1,1,0,1,0,0,0.245201898614086
2,0,1,0,0,0,1.89016798986642
0,0,0,1,0,0,-0.460960038380535
1,1,0,0,1,-1.02676951809737,-0.221539035752719
2,0,1,1,0,0,-0.455578153382841
2,0,1,1,1,0.131947624678694,-0.41204942394552
2,0,1,0,0,0,-0.172481597796652
1,1,0,1,1,1.29271753213686,0.618874128849351
0,0,0,0,1,0.612142925618474,0.0882094673165604
2,0,1,1,0,0,-0.760720157772125
2,0,1,0,1,1.4607619257279,1.65196146361887
2,0,1,0,0,0,-0.869569708377251
2,0,1,1,1,1.27861604190895,-0.330436622092125
2,0,1,1,0,0,0.080097406242111
1,1,0,0,0,0,-1.68220518210346
1,1,0,0,0,0,-1.00908170034871
0,0,0,1,0,0,-1.29366185768738
2,0,1,0,0,0,-2.66429696272227
0,0,0,1,1,2.39768388550088,2.13300000902185
0,0,0,1,1,-2.52984112738418,-0.730353430560433
0,0,0,1,0,0,0.840059477705311
0,0,0,0,0,0,0.0171940815300242
2,0,1,0,1,-0.258400643981382,-0.994138330678568
2,0,1,1,1,-0.265134009350445,-0.0403898015698564
0,0,0,1,0,0,0.404744570803656
2,0,1,1,1,-1.34218932632103,-1.1428135625646
0,0,0,1,1,-0.446401915198096,1.19810444742256
1,1,0,1,1,1.48285642151764,1.1968387246632
1,1,0,0,1,0.12988314894607,-0.097376477973979
2,0,1,1,0,0,0.614347405336729
2,0,1,0,0,0,-1.21860105771293
0,0,0,0,1,1.02458423905793,0.5718737915999
1,1,0,0,0,0,-0.128310020958609
1,1,0,1,0,0,1.60851795352187
1,1,0,1,0,0,-0.957073135336421
2,0,1,1,1,1.69397526332002,2.01150921563829
2,0,1,1,1,-0.217123141861588,0.0200848735693639
0,0,0,1,1,-0.335598785001261,0.445507771869766
2,0,1,1,1,-1.23646496906333,1.4495293028177
1,1,0,1,1,-0.204245769592103,1.10295034306817
0,0,0,0,0,0,-0.87586356761064
0,0,0,0,1,-0.63844327901476,-0.91523942767871
1,1,0,0,1,-0.146658644860429,-0.914822016329267
2,0,1,1,0,0,1.07475029632028
1,1,0,1,0,0,-0.135698087678277
1,1,0,1,0,0,-0.444710874180535
0,0,0,1,0,0,0.0825170228107178
2,0,1,0,0,0,1.03576814119029
0,0,0,1,0,0,-0.15888967562124
1,1,0,1,0,0,0.309282182272059
2,0,1,0,0,0,-2.31540494267767
2,0,1,1,0,0,-0.667583865453126
2,0,1,0,1,-0.152910277051485,-1.06658519925753
1,1,0,0,1,-0.652014588568697,-0.639156028838851
0,0,0,0,1,-1.06528905006427,-0.761967656100898
0,0,0,0,1,-0.303902213253587,-0.422105779185632
0,0,0,1,1,0.0855422198400588,-0.491328110606156
2,0,1,0,1,-0.818098429331577,0.657745314138152
0,0,0,0,1,0.420686899464703,1.43608302703594
2,0,1,0,0,0,-1.53503301491497
0,0,0,0,1,-0.0720508064632839,1.75284453195774
2,0,1,0,0,0,1.28305085194089
1,1,0,1,1,-0.187727082042989,0.0936424193656435
0,0,0,0,0,0,1.58009882818928
0,0,0,0,0,0,0.24478367599515
1,1,0,0,0,0,-1.02025435571201
1,1,0,1,0,0,1.12784068182799
1,1,0,0,1,0.976089527242863,2.23246870151308
2,0,1,1,1,2.36034177725023,-0.774247093440435
1,1,0,1,0,0,-1.00145728646209
1,1,0,0,1,0.912468330620843,1.13832634874924
2,0,1,1,1,0.709014473853407,-0.0239515887124045
0,0,0,1,1,0.0757087973718623,-1.36383229555337
2,0,1,0,0,0,1.23631618340622
2,0,1,1,1,0.199860718951521,-0.154075343857191
1,1,0,1,1,0.648200850935017,-0.795206586492275
1,1,0,0,1,-0.477913358232446,-0.581572583671315
0,0,0,0,0,0,-0.497663996360541
0,0,0,1,1,-1.41062122212982,0.937428005850661
1,1,0,1,0,0,-1.15572740106854
2,0,1,1,1,0.496997253570763,0.469223860518619
2,0,1,0,1,-0.625710599711035,1.00441136428475
0,0,0,1,1,0.461861212665792,-0.859842623359507
1,1,0,1,0,0,0.334386523401631
1,1,0,1,1,-0.75344567395975,-1.65346921219821
0,0,0,1,1,-1.17322831843465,0.696878623312997
1,1,0,0,0,0,-1.12220942700366
0,0,0,0,0,0,0.80636329653617
2,0,1,0,1,-1.32214429579972,0.433565065427497
0,0,0,0,0,0,-0.411399971250513
1,1,0,0,0,0,-1.47986817777991
0,0,0,0,1,0.35006918126093,1.33158682626933
1,1,0,1,1,2.01126994126967,0.152702847337688
0,0,0,1,1,0.269995615298252,1.67729921876941
1,1,0,0,0,0,0.00856509291093227
2,0,1,0,0,0,-1.77838522157543
2,0,1,0,0,0,1.69006658299481
1,1,0,0,1,0.557939989744839,-0.291388734753502
0,0,0,0,1,0.213780701633855,0.924400207333937
0,0,0,0,1,0.299436582288598,-0.722240284326256
2,0,1,1,0,0,0.611834579057655
0,0,0,0,0,0,0.834988463007565
2,0,1,1,1,2.4192008699179,1.01308610460795
1,1,0,0,0,0,0.499048920650618
2,0,1,0,1,-0.704531938935918,-0.0408109285765725
0,0,0,0,1,-0.086704130858793,0.144477744160578
1,1,0,0,1,-0.597759598851028,0.302344993494876
0,0,0,0,0,0,-0.738461735271462
2,0,1,1,1,0.779849999237446,0.550423231322925
0,0,0,0,0,0,-1.06447441783239
2,0,1,1,1,0.324346438770692,-1.90537781500652
2,0,1,1,0,0,0.166565725542814
2,0,1,1,0,0,0.197731836409519
0,0,0,0,1,-0.253845920721287,0.220736301352431
1,1,0,0,0,0,1.77284388071795
0,0,0,0,0,0,1.23288247475584
2,0,1,1,0,0,1.86379295897891
1,1,0,1,1,0.807703719119579,0.220350637326544
2,0,1,0,0,0,0.908635454858149
0,0,0,0,0,0,-0.591170220952765
0,0,0,1,1,-0.927326478314365,-0.230979854403326
0,0,0,1,0,0,-1.74776949184394
0,0,0,0,0,0,0.0698322085497887
2,0,1,1,1,0.189570684015884,0.926980897386278
1,1,0,1,1,0.269999298080015,-1.05817604334232
1,1,0,0,0,0,-0.222484554050804
0,0,0,1,1,1.6333657521929,-0.724081430175343
2,0,1,0,1,0.605712142488718,-0.808408292204783
1,1,0,0,0,0,0.902393481092824
1,1,0,1,1,0.103842219227886,0.0672670774843959
1,1,0,1,1,-1.26091132212929,0.739593242642272
1,1,0,0,1,-1.38912915192168,0.396775309748106
0,0,0,1,1,0.657335242812756,0.935791523442844
0,0,0,1,1,-0.624040273101334,-2.2572039673647
0,0,0,1,1,-0.168403741212714,-1.02212287577005
0,0,0,0,0,0,-0.171884805723203
0,0,0,0,0,0,0.347912132786017
1,1,0,0,0,0,1.14843252297349
0,0,0,1,0,0,-0.639623721259629
2,0,1,0,1,-0.792036106995719,-0.604947425316406
2,0,1,0,0,0,-0.285155015379736
1,1,0,1,1,0.251298479704865,0.695220483162206
1,1,0,1,0,0,0.106434775869058
1,1,0,0,0,0,1.12570165386306
2,0,1,0,1,0.297236745755437,-0.771931902548978
1,1,0,0,1,1.80298497332673,0.411133642793452
0,0,0,1,1,1.87560423132453,0.387188439467134
2,0,1,0,0,0,-1.64400776726116
1,1,0,0,0,0,0.296388813468501
0,0,0,1,1,1.12489300407324,1.73969366083698
1,1,0,0,0,0,-1.19778521158788
0,0,0,1,1,1.1470820330225,-0.637081261951874
0,0,0,1,1,-1.09009553900045,-1.0167579062488
2,0,1,0,0,0,1.1290679574493
2,0,1,0,1,1.3374676699097,-0.556514075292531
1,1,0,1,1,-0.863663901494435,0.751357989116269
0,0,0,1,1,-1.51673119985709,-1.6447598213202
0,0,0,1,0,0,-1.82255224899158
1,1,0,1,0,0,0.99735578759969
2,0,1,0,0,0,0.593306266392247
0,0,0,1,0,0,0.280074227073727
0,0,0,0,1,3.21412322089283,0.967067587204898
0,0,0,0,1,0.387360331948788,0.0675910317724064
1,1,0,0,0,0,0.139905171488397
2,0,1,1,1,-0.587065697275105,-0.874892316634231
1,1,0,1,1,0.0788912045777571,0.00950557521498297
1,1,0,1,0,0,-1.1003172519489
1,1,0,1,0,0,-0.890699812789115
0,0,0,0,1,0.139528057118218,-0.477231951514437
2,0,1,1,0,0,0.138735410101842
0,0,0,0,0,0,1.60283487205316
2,0,1,1,1,-1.98386772780145,0.377530025992389
0,0,0,1,1,-0.63929435117261,0.406144873400722
1,1,0,1,0,0,0.543279427939207
1,1,0,0,1,0.596472083857362,1.20366778756187
2,0,1,0,0,0,0.580418912321422
0,0,0,1,0,0,0.0636724420467068
2,0,1,1,1,0.10630369132332,-0.433042714908506
2,0,1,1,1,-1.5797117045252,0.597220105434776
1,1,0,1,0,0,-1.68351719001445
1,1,0,1,1,-0.416875034512198,0.0417329055406013
1,1,0,1,1,-0.0779462498162292,0.943244353413297
0,0,0,1,0,0,-0.227951816345063
1,1,0,0,1,0.151760873472169,0.576819231786691
1,1,0,1,1,-1.5954776817333,0.172430276220519
2,0,1,0,0,0,0.585028267652111
2,0,1,0,1,0.324492215264958,-0.493467310375095
1,1,0,1,0,0,1.67126214046279
1,1,0,0,0,0,0.396610858282565
2,0,1,0,0,0,0.141009748130162
1,1,0,1,1,1.58889345546788,-1.19059861649041
1,1,0,0,0,0,-0.19314866614175
2,0,1,0,0,0,-1.44560583291575
2,0,1,0,0,0,-0.288587491775345
1,1,0,0,0,0,-1.22914042150032
1,1,0,0,1,-1.51005655423609,-0.0639658372731242
1,1,0,1,1,0.506604912931393,0.152206914839546
0,0,0,0,1,1.40484926204343,-0.484546103184353
0,0,0,0,1,0.44858969155364,1.63289783769678
1,1,0,0,0,0,1.36889550602641
0,0,0,0,0,0,1.41390076834691
2,0,1,1,1,0.655780002709652,0.590728574807532
0,0,0,0,1,-0.400541233232387,0.780002128516555
0,0,0,1,1,-0.112811575777653,-0.657244217122043
0,0,0,1,0,0,0.131814263103323
0,0,0,1,0,0,-1.12241717100291
1,1,0,1,0,0,0.239846434417433
0,0,0,0,0,0,1.14215611329851
2,0,1,0,1,-1.0653214478803,-1.10086660416749
1,1,0,1,0,0,-0.208882455010878
0,0,0,0,0,0,-1.46608136000754
2,0,1,1,1,-0.0495942829655754,0.606281002847258
2,0,1,1,0,0,1.23082943612312
1,1,0,1,0,0,1.14345172961753
0,0,0,0,1,-0.477553700452243,-1.02566565044283
0,0,0,1,1,-0.582197656717277,-0.709034818124468
1,1,0,0,1,1.5076912732325,-0.102158520797616
1,1,0,0,0,0,-0.395123393331319
0,0,0,0,1,-0.0451781171328332,-0.527554291097413
1,1,0,1,0,0,-2.52453494588188
2,0,1,1,1,0.696351672963111,0.636676728067737
0,0,0,1,1,0.443586038012553,-0.234422175059451
0,0,0,1,1,-0.936442725254941,0.693361432823933
0,0,0,0,0,0,0.264528591956231
0,0,0,1,0,0,-2.97854400434346
1,1,0,0,0,0,-0.301313132253595
1,1,0,1,1,-1.8050153992297,0.786084975357716
0,0,0,1,0,0,1.04516547757964
0,0,0,1,0,0,-0.317219121627271
2,0,1,1,1,-1.35224890964742,0.520515638776641
0,0,0,1,0,0,0.237981083767372
2,0,1,0,1,0.344946477696497,0.921874425419179
2,0,1,0,1,-0.227982180002803,1.96360413725069
1,1,0,1,1,0.824972327655124,-0.911435261906824
1,1,0,0,0,0,2.09993653025327
0,0,0,0,0,0,0.214464095162889
1,1,0,0,1,-0.306145858866013,-0.799034552804593
2,0,1,0,0,0,-0.810339566762655
1,1,0,1,1,-1.24161034991552,0.11776831430988
1,1,0,1,1,0.166650422411525,0.138022894446564
0,0,0,1,1,1.16401979393949,0.410911288404169
1,1,0,0,1,0.334501230436546,0.827006697399601
1,1,0,1,1,-0.113572296609071,0.361593114062294
2,0,1,1,1,-0.346831831283655,-1.02450999128671
1,1,0,1,1,1.3298722657936,-0.690159113470114
1,1,0,1,1,0.97864457238607,-0.758888631813315
2,0,1,0,0,0,-0.590452741506628
0,0,0,1,0,0,0.355152944659158
2,0,1,0,0,0,0.340715748661717
2,0,1,1,1,-0.355486370244824,-0.227538167740478
2,0,1,1,0,0,-0.998835958990639
0,0,0,1,1,-1.26552509828644,-0.325849588332635
0,0,0,0,1,-0.835846777838571,0.597047558988961
1,1,0,1,0,0,-0.129605967223473
2,0,1,0,1,0.401912517612403,1.44033976354554
0,0,0,0,1,-1.013575965881,-0.818393473189886
2,0,1,1,1,-0.313098268456833,0.294179209089059
0,0,0,1,1,-0.0505166050403415,1.15137207014485
1,1,0,0,1,-0.583929645282102,-0.860265310738269
1,1,0,1,0,0,-0.0560951195877048
2,0,1,1,1,-0.54888769289447,-1.21474704461056
2,0,1,0,1,-0.153634309291444,-0.931103506123734
2,0,1,0,0,0,-1.44728649748708
2,0,1,0,0,0,-0.934749049524898
1,1,0,0,1,-0.47578967270771,0.367631234717746
2,0,1,0,0,0,-0.240151113106535
0,0,0,1,1,-1.2614265290301,0.583039619924356
0,0,0,0,0,0,1.02773995789555
2,0,1,1,0,0,0.362556895300428
1,1,0,0,1,0.802226222850105,0.775481009928487
1,1,0,1,0,0,0.75498173687913
2,0,1,0,1,-0.841801424094612,2.35731846683486
1,1,0,1,0,0,0.757204413042286
1,1,0,1,0,0,-1.49199875966613
2,0,1,0,1,1.09849385967184,0.29576856069454
2,0,1,0,1,-0.269872943215129,0.667410121546606
1,1,0,0,1,-0.234608202709758,0.94265602233089
0,0,0,0,1,1.35712025890933,0.817138565971745
0,0,0,0,1,0.330202620606704,-0.491906130509178
2,0,1,0,1,-0.328307525013133,0.0276914507345671
0,0,0,1,1,-0.7498852829238,0.345195484139274
1,1,0,1,0,0,0.215736983931542
0,0,0,1,0,0,2.02899544439736
2,0,1,0,1,-0.442411670117107,-1.60451731549528
2,0,1,1,0,0,0.8556788627483
1,1,0,0,0,0,1.18642361586218
1,1,0,1,1,0.468008305995095,-0.590599070546727
0,0,0,1,1,0.911962849657467,0.495655923849781
2,0,1,0,0,0,-0.0890016748299084
0,0,0,1,1,0.118683145538689,-1.03342734535413
0,0,0,1,0,0,0.100672296614123
1,1,0,1,0,0,1.66813327484754
0,0,0,1,0,0,-0.399147113958818
2,0,1,1,0,0,0.627519815541087
2,0,1,0,0,0,-1.12133954372997
2,0,1,0,0,0,-0.921659113577035
0,0,0,0,1,-0.418295317807637,-1.23904547904543
1,1,0,1,1,0.40400746651759,-1.4346843375171
1,1,0,1,0,0,-0.942524572101712
2,0,1,0,0,0,-0.89964302665779
1,1,0,0,0,0,-0.442063537350273
2,0,1,1,0,0,-1.6435381864862
1,1,0,1,0,0,-0.506853297397439
1,1,0,1,0,0,-0.774918685091994
2,0,1,0,0,0,-0.793732023225738
0,0,0,1,0,0,-0.31683621336642
0,0,0,1,1,0.737329474946678,1.17176750783405
0,0,0,0,1,-0.347555687174423,-0.00479787598417949
1,1,0,0,1,1.50359693825662,0.42102777347578
2,0,1,0,1,-0.290593926162858,1.58549724313755
2,0,1,1,1,0.962742705223765,0.684602384651105
0,0,0,1,0,0,0.129386850199283
1,1,0,0,1,1.03228610203399,1.08601715766562
1,1,0,1,1,0.127236607442049,2.22987263788472
1,1,0,1,1,-0.0130240761947292,-0.516964714999247
1,1,0,0,0,0,0.848372855268035
1,1,0,0,1,0.936657121031487,-0.813994060777753
0,0,0,1,0,0,-1.24846524377445
1,1,0,1,1,-1.71944286733053,-0.677408991534895
0,0,0,1,1,0.104516621184185,-0.0737319626942863
2,0,1,1,0,0,-1.96173122720365
0,0,0,0,1,0.139656302829038,-1.59859470290921
0,0,0,0,0,0,-0.057066145147996
1,1,0,1,0,0,0.600563607425254
0,0,0,1,0,0,0.785452724164102
1,1,0,1,0,0,0.437340297669288
1,1,0,0,0,0,-0.179804694225656
2,0,1,1,1,0.433936700867311,0.530015842772918
2,0,1,1,1,-0.807365908925234,2.49285020246109
0,0,0,1,1,-1.3288402201079,1.97681472752228
2,0,1,0,1,-2.54806324179004,-0.0593813522442569
0,0,0,1,1,0.612138906606301,1.41443222840932
1,1,0,1,1,1.14114671224854,-0.620583829974353
1,1,0,0,1,-0.370057936759018,0.350801627341801
2,0,1,1,1,2.43295146700269,0.144422740310886
1,1,0,1,1,-0.565265031022237,0.763297177777454
2,0,1,0,1,-1.23066960213022,-1.21493846074909
0,0,0,1,0,0,0.624257037745032
2,0,1,0,1,-0.0735994522315176,0.168626236003818
1,1,0,1,0,0,0.328758592614489
1,1,0,0,1,0.176034752984684,-1.02861150968029
2,0,1,0,1,0.748385878729077,-0.393576331966511
1,1,0,1,1,0.191177965318811,-1.5441403558821
0,0,0,0,0,0,-0.733862580769127
0,0,0,0,0,0,-0.969899941896622
2,0,1,0,0,0,-0.349626899995995
0,0,0,0,1,-0.687013915468682,0.169241310611179
0,0,0,1,1,-1.44086272928018,0.847958684341552
1,1,0,1,0,0,-1.06906282036503
2,0,1,0,0,0,0.293622183603844
2,0,1,0,1,-0.511379484228497,1.08648556095224
0,0,0,1,1,-1.28274832762427,0.961315233187505
1,1,0,0,1,0.789326787575319,-1.59444635809142
1,1,0,1,0,0,0.732017984475445
2,0,1,1,0,0,-0.168767032714832
0,0,0,1,1,-0.0318465346801463,1.38140772845089
2,0,1,1,0,0,0.929302073486779
1,1,0,0,0,0,-0.348845745965894
1,1,0,1,0,0,0.269422538668015
0,0,0,1,1,-1.76843248386592,0.510851504311553
1,1,0,1,0,0,-2.46117845143927
1,1,0,1,1,0.433944539325298,-0.613988222555891
0,0,0,1,0,0,-0.395446889526841
1,1,0,0,1,-0.844639748833751,-1.14475367236038
0,0,0,1,1,1.41152619405067,-2.23236832956463
1,1,0,1,1,0.12283943881703,0.840037507102905
1,1,0,0,1,0.298580273290932,-0.613785968211528
0,0,0,0,0,0,1.17215934021365
0,0,0,1,1,-0.710598373718698,-0.958240409329897
1,1,0,0,0,0,0.953125794844186
0,0,0,1,0,0,0.703446627223399
2,0,1,1,0,0,0.55989504532744
2,0,1,1,1,0.5902151244518,-1.03799790121961
2,0,1,1,0,0,-0.178315643423977
1,1,0,0,0,0,-0.469938545885313
1,1,0,0,0,0,-0.959886735855205
0,0,0,1,1,0.135451704671507,-0.445025297781189
2,0,1,1,0,0,-1.62117374109618
2,0,1,1,0,0,-0.157394383500676
2,0,1,1,1,0.285609682374193,-0.197458254168675
0,0,0,1,1,-0.246908132131383,-0.831367450689666
1,1,0,1,1,0.709698567862795,0.637333936683871
0,0,0,0,0,0,-1.04859868116197
1,1,0,1,0,0,-0.248183184796231
0,0,0,1,1,-2.35034622958727,0.524913158965458
0,0,0,0,1,0.235492081724087,0.213223909374933
0,0,0,1,1,1.11156483453039,-2.39737704945438
1,1,0,1,0,0,-0.77241883939981
0,0,0,0,0,0,-0.406103306983641
1,1,0,1,0,0,-0.55331972074975
1,1,0,0,1,-0.118249131801346,-1.35296597298364
2,0,1,0,1,0.644929257407748,-0.0431162287545389
2,0,1,0,1,-0.520117442597252,-0.167630790577796
1,1,0,0,0,0,1.27959312890242
0,0,0,0,0,0,0.112219107279423
0,0,0,1,0,0,0.705481392219871
0,0,0,0,0,0,-0.130396955467751
1,1,0,0,1,0.242508267674105,-1.8254644293824
1,1,0,0,1,-0.508683319105616,-1.47327937692518
1,1,0,1,1,1.20767615055171,-0.751403918507692
2,0,1,0,1,0.537529656395566,-0.433729916233875
2,0,1,1,1,1.43688860434947,0.576351040782597
2,0,1,1,1,0.0295687539502401,-0.834456151257556
1,1,0,1,1,0.0121477320593041,-0.62879536151326
0,0,0,0,0,0,0.2558517929466
0,0,0,1,1,0.382036309795384,-0.562049582937868
1,1,0,1,0,0,-1.22841986342055
2,0,1,0,1,1.5088226458098,-0.554040937632076
1,1,0,0,0,0,-0.680275587504045
0,0,0,0,0,0,0.691164599443188
0,0,0,1,1,-2.30164667279968,0.221938054421838
0,0,0,0,0,0,0.545931143287796
0,0,0,1,1,-1.59327092222738,-0.459746998902481
1,1,0,1,1,1.3285133419923,2.11671266793486
1,1,0,1,0,0,0.109101493181366
1,1,0,0,1,1.95071136521972,-0.919826045481532
2,0,1,0,0,0,-1.32360599755344
1,1,0,1,1,-0.13225315082048,0.098650184445384
2,0,1,0,1,1.41493696482002,-0.406640028953781
1,1,0,0,0,0,-1.35189183228069
2,0,1,0,0,0,-0.469815207154217
0,0,0,0,0,0,-1.62801077352756
2,0,1,1,0,0,0.682417154352385
0,0,0,1,0,0,1.94370839036189
2,0,1,1,1,2.22534704505988,0.740237954841749
2,0,1,1,0,0,-0.323177184338908
0,0,0,0,1,0.259332104397534,1.35964594226243
0,0,0,0,0,0,0.291030256073586
0,0,0,0,1,-0.38117272192552,-2.21899471129767
2,0,1,1,0,0,-0.14462725462264
2,0,1,1,1,-0.402681267717557,0.0787000612458047
1,1,0,0,1,-0.183233323347101,0.562218061472352
2,0,1,0,1,0.863856860157694,-0.1642758075948
2,0,1,0,0,0,1.17370316863194
0,0,0,1,1,-0.0983760644231634,-1.32839511113812
1,1,0,1,1,2.09343462094345,2.45921346242281
1,1,0,0,1,-0.266174026725278,1.35220482620914
2,0,1,0,0,0,-0.246773286962782
0,0,0,0,0,0,0.2880166719019
1,1,0,1,1,-0.639598058190418,-0.872674101518486
1,1,0,0,0,0,-0.930755706770194
1,1,0,1,0,0,0.0761553777247243
2,0,1,0,0,0,0.985664467650909
0,0,0,1,1,0.611561145358868,0.925841556960353
2,0,1,1,1,0.304613480800056,2.13149972974733
1,1,0,1,0,0,-0.325832926209874
0,0,0,1,1,0.530167322755537,-0.223013463883896
0,0,0,1,1,-2.00754166411878,-2.73430127314243
2,0,1,0,1,-0.0778823645850964,-0.308548312841422
1,1,0,1,1,-1.74909458981196,0.146108341812022
0,0,0,0,1,0.255006743866622,0.0377326683254827
1,1,0,0,1,0.830418368012955,-0.647646618450323
1,1,0,0,0,0,-1.28740701560114
0,0,0,1,1,1.24197664709329,-0.411015599651144
2,0,1,0,0,0,2.20054533711637
0,0,0,1,1,0.818484957030639,-0.929047087564924
2,0,1,1,1,0.551561001388612,0.00266440403503767
0,0,0,1,0,0,-1.15762176150053
2,0,1,1,1,0.840790494062925,1.16453125136631
0,0,0,0,0,0,0.78643601754236
0,0,0,1,0,0,0.160341670805574
0,0,0,1,0,0,-0.0475385929599135
1,1,0,1,1,0.0147763054863625,1.47887477547727
2,0,1,0,1,0.0328033962980363,0.577770823906416
1,1,0,1,0,0,-0.00353175228315643
1,1,0,1,1,1.08400873902963,0.136664969902121
1,1,0,1,1,1.15035641994546,1.53898379469281
1,1,0,0,0,0,0.494838381090057
2,0,1,0,0,0,0.268859573674303
1,1,0,0,1,-0.396364018202225,0.568572736500746
2,0,1,1,1,-1.71311390190091,-0.0985909577043785
0,0,0,1,1,-2.20751492052628,-0.987223015883875
2,0,1,1,0,0,0.367607953844351
0,0,0,0,0,0,-1.62229968403531
0,0,0,1,0,0,-0.694147742295971
1,1,0,1,0,0,1.05794244070791
1,1,0,1,1,-1.5396902332533,-0.694578260171233
1,1,0,0,0,0,0.270112675269041
1,1,0,0,1,-0.921735632511918,-0.215269437739575
2,0,1,1,1,0.514871288698132,0.277456758445346
1,1,0,1,0,0,0.423599789751487
1,1,0,1,1,-0.699144322754838,-0.500923398053824
1,1,0,0,1,-0.0136871189251117,-2.12456761588127
2,0,1,0,0,0,1.02115274365009
2,0,1,1,1,0.437713073606671,-0.557920051342515
0,0,0,1,0,0,0.28480332638841
1,1,0,0,1,-1.30505094793871,0.969564998534961
1,1,0,0,1,-0.773009117506841,-1.08240124412906
1,1,0,0,1,-0.672878540014316,1.25616781055996
2,0,1,1,0,0,0.741165579905493
0,0,0,1,0,0,0.122380087942151
0,0,0,1,1,-0.724903082774204,-0.35878997066202
0,0,0,1,0,0,1.20519499959575
2,0,1,0,0,0,0.445783440040243
1,1,0,1,1,-0.365014148648493,0.532335162571444
1,1,0,1,1,0.852446507497282,2.69288424912276
1,1,0,0,1,-0.432736906914622,0.554637302036002
1,1,0,0,0,0,1.17651845072325
1,1,0,0,0,0,-0.0506841874847245
1,1,0,0,1,0.760256639589112,1.80226554870879
2,0,1,1,1,0.408861639691916,-0.0950974828609206
1,1,0,1,0,0,-0.994993901721786
2,0,1,1,0,0,-0.0166430834740077
0,0,0,1,0,0,-1.71604702496716
0,0,0,0,1,0.261476169921778,1.25759574714827
0,0,0,1,1,1.03892576957879,-1.18415584332469
0,0,0,0,0,0,0.281644961979209
1,1,0,0,1,2.19553424380654,0.914349459385486
1,1,0,0,1,1.52762624299727,0.482747657739079
1,1,0,0,0,0,0.373550607694242
2,0,1,1,0,0,-0.864476420330221
1,1,0,0,1,-1.50142734489036,-0.0550505225013074
2,0,1,1,0,0,0.930401081905319
2,0,1,1,1,0.597060158192175,-0.763580794482481
2,0,1,1,1,-1.16670353939832,-1.23569780611046
0,0,0,0,0,0,-0.698666763788695
0,0,0,1,0,0,0.854441034180159
2,0,1,1,0,0,-0.274565612231945
0,0,0,1,1,-1.92506913296538,0.222871093045713
1,1,0,0,0,0,-1.74483453587029
1,1,0,1,0,0,-0.77263126306299
2,0,1,0,1,-1.13083231730817,-0.699480510364474
1,1,0,0,1,-2.09493372112125,-1.26593037272451
1,1,0,1,0,0,1.17396852628422
2,0,1,0,1,-1.05197932585024,1.03989442106456
2,0,1,0,0,0,-1.56721657804179
1,1,0,0,0,0,0.249868699193282
1,1,0,1,0,0,-0.965552625169702
0,0,0,0,0,0,-0.165745677617811
1,1,0,0,0,0,0.0456787797564959
0,0,0,1,1,1.41541690049608,1.70955516571809
0,0,0,0,0,0,0.370436449933561
2,0,1,1,1,-0.401979462486273,-0.656453104771916
0,0,0,1,1,2.73214249314177,0.83138308308368
1,1,0,1,1,0.458982500587565,0.876000851846027
2,0,1,0,1,1.06767884694585,0.138307982654338
1,1,0,1,1,-0.0739030671088517,2.24223143370649
2,0,1,0,0,0,-0.166766684917706
1,1,0,1,1,-0.206510670055156,-0.459046414571913
2,0,1,0,1,-0.706616376570738,0.546193455363839
2,0,1,1,0,0,-1.3023027987471
1,1,0,0,1,0.23066384495236,-0.411524018886901
0,0,0,1,1,-1.40106813595329,-0.540077675517781
0,0,0,1,1,-0.772827126278434,1.36646991735509
1,1,0,0,0,0,0.70684919808773
0,0,0,0,1,-0.990382628546428,0.607570216406357
0,0,0,0,1,0.238130619134257,0.919815411239128
2,0,1,1,0,0,0.899393277228829
1,1,0,1,0,0,0.0327173786022498
2,0,1,0,1,1.5758400870815,-1.41585697363242
1,1,0,1,1,2.21277526207114,-1.68086020992732
2,0,1,1,0,0,0.037781185575275
1,1,0,0,0,0,1.66346246109295
2,0,1,0,0,0,0.830999693581986
2,0,1,0,1,-1.67184035585052,1.04765463951702
1,1,0,1,0,0,1.79381758318177
0,0,0,0,1,0.415235003589568,-0.485121787956605
2,0,1,0,0,0,-0.633629149587874
2,0,1,0,1,-0.578295113614374,1.10190036167636
0,0,0,0,0,0,-0.71702117416281
2,0,1,1,1,-1.00254655715519,2.20002147801647
1,1,0,1,0,0,0.890616835986754
2,0,1,1,1,0.173647536447849,-0.635431754992441
2,0,1,1,1,-0.397390627507196,-0.373502709270979
0,0,0,1,0,0,0.521876377997487
2,0,1,0,0,0,0.712899430412518
2,0,1,1,1,0.121768274242229,1.16840621203268
1,1,0,0,0,0,0.339968228336832
2,0,1,0,0,0,-1.01472975190995
1,1,0,0,0,0,0.0931455398660938
0,0,0,1,0,0,-1.53620529942367
0,0,0,1,0,0,0.576217656885696
1,1,0,0,1,0.833909352834782,0.572062119455931
2,0,1,0,0,0,0.146680068379511
2,0,1,1,1,-0.857616587553431,-0.92572348959313
2,0,1,0,1,-0.0805706386492912,1.27314058068652
0,0,0,1,0,0,0.987920865547279
1,1,0,1,0,0,-0.711861835044197
0,0,0,0,1,-1.61690013870041,-1.3343030909087
0,0,0,0,0,0,1.00423666824317
0,0,0,1,1,-0.309426752861999,0.608510675238272
2,0,1,1,1,1.05264411379023,0.0359244240875517
1,1,0,1,1,-1.66190971985953,0.255350053985681
0,0,0,0,0,0,0.69716219638519
1,1,0,1,1,0.459016163081145,-0.431179391831817
0,0,0,0,0,0,1.55391316664729
0,0,0,1,0,0,0.346650755410393
2,0,1,1,0,0,-0.7664851001577
1,1,0,0,1,-1.27109026633386,-0.493452200012511
2,0,1,0,1,0.288416131070344,1.50453666981425
2,0,1,1,1,-0.375975636397588,-0.649856721616048
1,1,0,0,1,-0.205468659216793,-1.06048685426463
2,0,1,0,0,0,1.15472682161351
2,0,1,1,1,-1.52113710014817,0.319256967505804
2,0,1,0,1,-0.833383148370619,2.20352846258413
0,0,0,1,0,0,-0.267906786013776
2,0,1,1,0,0,0.638054739974739
1,1,0,1,0,0,-0.0193691542598697
2,0,1,1,1,-0.120586588482997,0.432255194347876
1,1,0,1,1,0.142177981806399,-1.58974118375073
1,1,0,0,0,0,0.249650473709888
2,0,1,1,1,-0.118891142112302,0.763109203323202
0,0,0,0,1,-0.56551737746472,-0.00573226232039495
1,1,0,1,1,1.38986291839698,-0.359689847972208
2,0,1,1,0,0,0.0259044645439216
1,1,0,1,0,0,-2.08925702598424
2,0,1,0,0,0,1.24186828168715
2,0,1,0,1,-0.122018138425726,0.34214261032647
1,1,0,1,1,-0.699199873744747,0.550592771010682
0,0,0,1,0,0,0.654700748902276
1,1,0,1,0,0,0.286811201041834
0,0,0,1,0,0,1.41835759781846
1,1,0,0,0,0,-1.11893181598044
1,1,0,0,1,-0.68207626596791,-0.0746876778133967
2,0,1,0,1,-0.00402258372684808,1.08411948561219
2,0,1,0,0,0,-0.0145495623902737
2,0,1,0,1,0.993234123597883,0.642925541439035
2,0,1,0,1,-0.350439618453563,-1.61986924282745
1,1,0,1,1,0.936215535313317,0.348747529204677
2,0,1,0,0,0,1.08341349247974
1,1,0,0,1,0.295891267988125,-2.24011986273417
0,0,0,0,0,0,-0.235644279958896
0,0,0,0,1,-0.488183432893607,-1.25317128446654
2,0,1,0,0,0,-1.03019606654568
1,1,0,1,1,-0.740223020052107,0.592835691528604
2,0,1,0,1,0.247070489302139,1.09025257734079
0,0,0,0,0,0,-0.209461403841651
1,1,0,0,1,-0.0315481718867519,-0.519221212060639
1,1,0,0,0,0,1.80224608485309
0,0,0,1,0,0,-0.0861251566197852
1,1,0,1,0,0,0.380610430313258
1,1,0,0,1,-0.827349596767434,-0.347925496205962
0,0,0,1,1,-0.717510764284319,0.507329687589919
1,1,0,0,0,0,-1.22216750270194
0,0,0,1,0,0,0.0215643012595382
0,0,0,1,0,0,-0.885708334491331
0,0,0,1,1,0.606209107162009,-0.191622816711298
0,0,0,0,1,0.588872528339463,0.689514553368272
0,0,0,1,0,0,1.95933199557454
0,0,0,0,1,-0.238100018317307,-0.452041424501374
1,1,0,0,0,0,0.533254626779687
0,0,0,1,0,0,-0.45705544432074
1,1,0,1,1,0.891109929891258,0.0894461315473624
2,0,1,0,1,-0.276358457244521,2.78258611560185
1,1,0,1,1,-0.0436348109823131,0.181329134706387
1,1,0,1,0,0,-0.596945151359655
1,1,0,0,0,0,1.00222438447982
0,0,0,1,0,0,0.924812100358565
1,1,0,0,0,0,-1.52167947258869
2,0,1,0,0,0,-0.640085337708922
2,0,1,0,1,1.29681537818332,-0.448015209676312
0,0,0,1,1,-0.464949557546632,-0.253666683187102
0,0,0,0,0,0,0.104909317347549
1,1,0,0,1,-1.95699307924961,-0.560361749596933
1,1,0,1,1,-1.20843197694042,0.433441572066791
1,1,0,0,1,0.35974519876789,0.470756351817365
0,0,0,1,0,0,-0.842570452760848
2,0,1,1,0,0,0.375919009427215
0,0,0,1,0,0,-1.1218564711861
0,0,0,1,0,0,0.824889590567591
0,0,0,0,1,-0.143190999083075,-0.213846762028684
0,0,0,0,0,0,0.720025224393972
1,1,0,1,1,2.80224442611691,-0.993468251008932
1,1,0,1,1,-1.33370562972868,0.781864817290067
0,0,0,0,1,-0.171062454050747,-0.276267192650252
2,0,1,1,0,0,-0.0726412897202442
2,0,1,1,0,0,-0.271723747427375
2,0,1,1,1,0.110979636331182,0.671240970484582
0,0,0,1,0,0,1.80271974000285
2,0,1,1,1,-1.29276006278499,0.896098517312312
2,0,1,1,0,0,0.0294499164679947
2,0,1,0,1,1.14231904805497,-0.747576217685203
2,0,1,0,1,0.809514446361958,0.0840472269817592
2,0,1,1,0,0,-0.997619594541018
1,1,0,0,0,0,-0.0873571914517465
0,0,0,1,0,0,0.942072918177321
1,1,0,0,0,0,-0.0874984603585001
0,0,0,1,1,1.6026017817197,1.19277600628623
0,0,0,0,1,0.753517923336846,-0.498168215320996
2,0,1,0,0,0,0.437546269729667
0,0,0,1,0,0,0.330044188884254
0,0,0,0,0,0,-1.40014186013997
0,0,0,1,1,-3.4531845042461,-0.521881084053462
1,1,0,1,1,-0.888958328630444,1.00491839356777
1,1,0,0,1,0.38053373515118,-1.13778938575743
0,0,0,0,1,-0.73808550026063,-0.153247997594285
2,0,1,1,1,0.352321578920294,-0.974249346209884
1,1,0,0,0,0,-0.979501189164529
2,0,1,0,1,0.00526976624315407,-0.921452084469283
1,1,0,0,0,0,0.823138388315127
1,1,0,0,0,0,0.00656507650750564
0,0,0,0,1,-0.472469957642148,0.374132781703701
0,0,0,1,0,0,-0.555195218803248
1,1,0,0,1,0.138581855964834,-0.124638466028382
0,0,0,0,0,0,0.836974250432236
2,0,1,0,0,0,-1.28747620306597
0,0,0,1,1,0.580245894416412,-0.758512754220414
2,0,1,0,0,0,1.02057708970964
1,1,0,1,1,1.20576045356899,1.69442739244305
2,0,1,0,0,0,-0.86318828030495
2,0,1,0,1,-0.816384894425607,0.439280577503744
0,0,0,0,1,-0.496568096088982,-1.24687803857501
1,1,0,1,0,0,0.65770177177351
1,1,0,1,0,0,0.133127764680656
2,0,1,0,0,0,-1.0137900643939
2,0,1,1,1,-0.644350067318975,0.508966617988
0,0,0,1,0,0,1.26450102475788
0,0,0,1,0,0,-0.157605025675005
1,1,0,1,0,0,-0.898631249218898
0,0,0,1,1,0.912719056356017,-1.11796629904745
1,1,0,0,0,0,-1.24188340320115
1,1,0,0,1,1.63215032082856,0.398455300311777
0,0,0,0,0,0,0.339393132932248
0,0,0,0,0,0,-0.783577082725982
2,0,1,1,1,1.11902434933186,0.754028533121159
2,0,1,0,0,0,-1.06558371765042
1,1,0,0,1,1.40223089960981,1.48736283718941
2,0,1,0,0,0,-2.12773242569451
0,0,0,1,0,0,-0.273774444044906
2,0,1,0,1,0.318475820429149,0.753309636067283
2,0,1,0,1,-0.724820114081197,0.0122750596562057
1,1,0,1,1,0.745800479892668,0.0490701039641104
0,0,0,1,0,0,-0.508520216450021
1,1,0,0,0,0,1.96525754766553
0,0,0,0,1,1.78477898942791,-0.460335120053998
0,0,0,0,1,0.573382224602587,0.697998178202231
0,0,0,1,0,0,1.21125658777919
2,0,1,0,0,0,-0.339759120818417
0,0,0,1,1,0.993439889900537,1.4486455803274
0,0,0,0,1,-1.46118776764678,0.44391056366341
0,0,0,1,1,0.637903355645398,-1.48780237649037
1,1,0,1,0,0,-0.471275689197211
0,0,0,0,0,0,-0.145215110726913
2,0,1,1,1,-0.0817731334833943,0.637923187088797
0,0,0,0,0,0,0.712707186161948
0,0,0,1,1,0.620305635119233,0.697064159201887
0,0,0,1,0,0,-1.44699880838266
1,1,0,0,0,0,-1.52575205559633
0,0,0,0,1,1.33847106927967,1.34551165486911
2,0,1,1,0,0,0.823446603203803
0,0,0,1,1,-0.563713419225067,0.412184548983951
0,0,0,0,1,1.56594598514323,1.54618975413591
0,0,0,0,0,0,1.84694871774859
0,0,0,1,0,0,-0.772296031100817
0,0,0,0,0,0,0.0419028470552758
1,1,0,1,0,0,0.431067421693822
2,0,1,1,1,-0.86547175960554,0.12036536649774
1,1,0,0,1,0.111556380502995,0.202805281480509
0,0,0,1,0,0,0.194154727168526
0,0,0,1,0,0,1.08657133869132
2,0,1,1,0,0,-2.74872364097591
2,0,1,0,1,0.375734292468166,-0.00589180254124498
1,1,0,0,1,1.13004522317604,-0.250432973297586
0,0,0,1,1,-0.249760064617116,-0.46870402149814
2,0,1,1,1,-0.858007317446662,0.144009406187684
1,1,0,1,1,1.47727842375139,0.53421096128228
0,0,0,1,0,0,-0.284940424494448
2,0,1,0,1,0.43101437729512,0.0181335488587797
0,0,0,1,0,0,-1.64991780934388
0,0,0,1,0,0,-1.11429094049181
2,0,1,1,0,0,-0.373310711431173
1,1,0,1,0,0,-0.170381047257563
1,1,0,0,0,0,-1.06697713240512
2,0,1,1,1,-1.82866087957812,-1.18064434556317
2,0,1,0,1,0.388606264089531,0.612916814816418
2,0,1,1,0,0,0.134828653192904
0,0,0,1,0,0,1.37690327012739
2,0,1,1,0,0,0.545738785212607
1,1,0,1,0,0,-1.16563585373456
1,1,0,1,0,0,-2.21857327949006
0,0,0,1,0,0,0.139236703024912
2,0,1,0,1,-1.61712802453329,-0.227141607142595
1,1,0,0,0,0,0.554559503688102
1,1,0,0,0,0,0.913972182976413
2,0,1,0,0,0,-0.200183410039571
0,0,0,0,1,0.856155699596766,0.148786991660664
0,0,0,0,1,1.44804622604319,-0.721357482590995
1,1,0,0,1,-0.110418047508649,1.2012930968521
1,1,0,1,1,-0.830727481409241,0.0518852039158937
2,0,1,1,1,1.28898121852393,-0.532589246720483
2,0,1,0,1,-0.435945524221483,-0.457453476485853
2,0,1,0,0,0,1.81827281944575
0,0,0,1,1,-0.741463624457623,0.507958613771412
0,0,0,0,1,-1.18152060531016,0.420440280924548
0,0,0,0,0,0,0.336928312392419
2,0,1,1,1,-1.38589261588456,0.454330108190716
2,0,1,1,0,0,0.472254359747473
2,0,1,0,0,0,0.00637623523411432
0,0,0,1,0,0,1.7115906067504
2,0,1,1,0,0,-0.239429046105735
0,0,0,0,1,0.344785825095865,-0.843438104440475
0,0,0,0,1,-0.258297157881481,-0.412751293072427
1,1,0,1,0,0,1.18296607313646
0,0,0,0,0,0,0.78152064285355
1,1,0,0,0,0,1.17196201132763
2,0,1,0,1,0.853741901002466,-0.21415293282688
1,1,0,1,1,0.0147438759764071,0.150936524702796
2,0,1,1,0,0,-1.81430979242029
0,0,0,0,0,0,0.945596698383371
2,0,1,0,1,-0.137129876635485,-0.107487175860459
2,0,1,1,1,-1.63785406531044,0.0560385435736552
2,0,1,0,1,-0.69877007583518,1.01349453416199
0,0,0,1,0,0,-0.273372627332765
1,1,0,0,1,0.174689254541457,0.430841310456162
1,1,0,0,1,-0.353991067273263,-0.717847862328608
2,0,1,0,0,0,-0.531839351632113
1,1,0,0,0,0,0.541662508855142
2,0,1,0,1,1.3367463550045,-0.211772194693872
1,1,0,0,0,0,-1.56565052391089
0,0,0,1,0,0,-0.537865066093256
0,0,0,0,1,-1.74701495333499,2.90950916042621
2,0,1,1,1,-0.108849664946757,0.492827187127413
0,0,0,1,1,0.184761011364147,0.215098339176154
1,1,0,1,1,-0.646052104324556,-0.409014743879362
1,1,0,1,1,0.182207077120103,-1.81945096921125
0,0,0,0,0,0,0.135598306814047
1,1,0,0,0,0,-3.07896321755308
1,1,0,1,0,0,-0.923381458365138
0,0,0,1,0,0,-1.45512246804709
2,0,1,1,1,1.720142778536,-0.213293850410608
0,0,0,0,0,0,1.07361725425455
0,0,0,0,0,0,0.51594970924855
0,0,0,1,0,0,-0.443665953173889
1,1,0,0,1,-0.97168457190336,-1.62653795761762
0,0,0,1,1,-0.277292435067357,-0.533168110613641
1,1,0,1,1,-1.33768027820516,-1.18557832617174
0,0,0,1,1,0.793637754784679,0.429481838840398
0,0,0,1,1,-1.12621211436979,-0.585620614856441
2,0,1,0,1,-0.780895430805713,1.41674406963607
0,0,0,0,0,0,-0.117376955207758
1,1,0,0,1,1.48357125752886,-1.5188601866462
2,0,1,0,1,0.888422321934724,0.0792361301990659
1,1,0,1,0,0,0.717367667836473
2,0,1,1,0,0,-0.495938823515462
2,0,1,0,1,-0.679418904211161,0.617738374578966
1,1,0,0,1,1.08013292298088,0.33930405842967
1,1,0,1,0,0,0.384447387876511
0,0,0,0,1,-0.583253170142018,-0.326549398092085
2,0,1,0,1,0.176275295479717,-0.127644532625117
0,0,0,1,0,0,-0.134267390260558
0,0,0,0,0,0,-0.128478778727586
2,0,1,1,0,0,-1.45573385036944
1,1,0,0,0,0,-0.018265990348026
2,0,1,0,0,0,-1.19043681981953
1,1,0,1,0,0,0.127946580186515
0,0,0,1,0,0,-1.16644533258561
0,0,0,1,1,1.8919762725309,1.36276521800504
2,0,1,1,0,0,0.820975155773298
1,1,0,0,0,0,-0.539193124703502
1,1,0,0,0,0,2.06461263210063
1,1,0,1,0,0,1.13935711894375
0,0,0,0,0,0,0.853397161099404
0,0,0,1,0,0,-2.07275072694026
2,0,1,1,1,2.31168113668951,-1.26575400597819
2,0,1,0,0,0,-0.70228083613723
0,0,0,1,1,-0.368888080702611,-0.327693685580524
0,0,0,0,0,0,-1.31155136435135
0,0,0,1,0,0,0.655080616885059
0,0,0,1,1,0.0412317510890698,-0.522712044450634
1,1,0,0,0,0,-0.165371801417419
1,1,0,1,0,0,-0.548545699795532
2,0,1,1,1,1.10251562838823,-0.0882593828197086
1,1,0,0,0,0,1.37217994978087
0,0,0,1,1,0.674092713777862,-1.83047144082521
1,1,0,1,1,-0.160294542145836,-0.961464463422431
0,0,0,1,1,-0.136914753671076,-0.470914614668697
0,0,0,1,1,-0.707272027287645,0.554739930695867
0,0,0,0,1,-2.18434336431379,-1.02308513947566
0,0,0,0,1,-0.0844828932541941,-0.524780785456312
0,0,0,1,1,-1.11808595162833,0.703483761092186
0,0,0,0,1,-0.155250371444743,-1.22793471775542
0,0,0,1,0,0,1.04760898462143
0,0,0,1,1,2.5212732851599,0.342178667824183
0,0,0,1,1,0.104661517208907,0.5699124110358
0,0,0,0,0,0,-0.0148889686424197
2,0,1,0,1,1.56951256992193,-0.997451958416482
2,0,1,1,0,0,-1.59952764500167
1,1,0,0,1,-1.03156913039131,0.153380701845757
0,0,0,1,1,1.33726832635329,0.71555735260336
0,0,0,0,1,-1.59035267620445,0.724202711399354
0,0,0,1,1,-0.20685600100392,-0.0860457477298147
2,0,1,0,1,0.359650623140437,1.64813644124668
2,0,1,1,0,0,0.185027816292804
1,1,0,1,1,0.686591495015475,-0.402985410257424
0,0,0,1,0,0,0.105222786683522
0,0,0,0,1,-0.0523303932332015,-0.615970146656799
1,1,0,0,1,-1.00328676211896,0.687530550436664
2,0,1,1,1,-1.13774871224013,1.55675277371664
0,0,0,1,0,0,1.04008618194519
0,0,0,0,1,-0.645853336370477,0.248261614820494
1,1,0,1,0,0,-1.36080362797547
0,0,0,1,1,-0.940690256909081,-0.636671631102359
2,0,1,0,0,0,0.403044332731673
1,1,0,1,1,-0.503828314949319,-0.0765999744909679
2,0,1,0,1,-0.872549738574468,1.38243583506178
1,1,0,0,1,1.30399815299531,0.660856078828915
1,1,0,1,0,0,-1.43369361085013
0,0,0,1,0,0,0.632975922545199
1,1,0,0,1,0.338965243095315,0.668609506858593
0,0,0,1,1,0.352417574798597,1.75070022007147
2,0,1,0,1,-0.761825654028666,0.0853257170035531
2,0,1,0,1,0.345810686201861,0.263015304476001
1,1,0,0,0,0,-1.57540912635519
2,0,1,0,1,0.391673408715648,-0.460339097298518
0,0,0,0,0,0,-1.49354921025937
1,1,0,0,1,-0.858181044554027,-0.147965019754107
2,0,1,0,1,-1.10945467044947,-0.779475521158074
1,1,0,0,0,0,-1.28807716067653
1,1,0,0,1,-1.84976304064463,-0.004485191472662
0,0,0,1,0,0,-0.840699961301649
1,1,0,0,1,0.937434256929232,1.26778117114192
1,1,0,1,0,0,2.22738352835862
1,1,0,0,0,0,0.152662012471871
1,1,0,0,0,0,0.282260300167546
2,0,1,0,0,0,-1.9583449489838
1,1,0,0,1,-0.933723744614205,1.49739405440362
1,1,0,1,0,0,-0.623825627076611
0,0,0,0,0,0,0.390898555416019
0,0,0,1,0,0,-0.201298040688495
0,0,0,1,0,0,0.343561984023575
0,0,0,1,0,0,-0.0863922728385565
1,1,0,1,1,0.117419370199414,0.130692157622464
2,0,1,1,1,0.153526440095605,-1.06405666045675
2,0,1,1,0,0,0.132694805336031
1,1,0,1,0,0,-1.48837002901631
0,0,0,1,0,0,-0.10856654952356
2,0,1,0,0,0,0.182589623369832
2,0,1,0,0,0,-0.27844561317168
2,0,1,1,1,0.161572530876474,0.3257195297699
2,0,1,1,0,0,0.884995339799299
0,0,0,0,0,0,-1.5939985217321
2,0,1,1,1,-0.562514420987059,-1.45536067401225
1,1,0,0,1,-0.153673000783729,-0.61977568944678
0,0,0,0,0,0,0.428207743879076
0,0,0,0,1,-0.233647153618483,0.345703163444325
2,0,1,0,0,0,-0.355340755001851
0,0,0,0,0,0,0.580104779822905
0,0,0,0,1,1.4107254604631,2.078772331111
1,1,0,0,1,-1.07670572624108,-1.07904936270357
2,0,1,1,1,-0.133383138672482,-0.846084930547681
1,1,0,1,0,0,-1.82999614572789
2,0,1,1,0,0,0.133610744632336
0,0,0,0,1,1.12962745814043,0.794793543289386
2,0,1,0,0,0,-0.371500827123234
1,1,0,1,0,0,1.09004908820576
2,0,1,1,1,0.489012260081751,-0.231560754617726
0,0,0,1,0,0,0.243704350261723
2,0,1,1,1,-1.00922858085974,1.01388342980217
2,0,1,1,0,0,0.58791304678083
0,0,0,1,0,0,0.315685111601659
1,1,0,1,0,0,1.42647673256616
0,0,0,1,0,0,-0.914058512648529
1,1,0,1,1,0.858374872251061,-0.464747795930261
1,1,0,1,1,-2.61105558899237,0.29620081599226
1,1,0,0,0,0,-0.357042534394588
0,0,0,0,0,0,-0.56385667214771
0,0,0,1,0,0,0.72038199465254
0,0,0,0,0,0,-0.507635058061088
2,0,1,0,1,-0.417964468308363,0.395061515612728
1,1,0,0,0,0,-0.18337127155739
2,0,1,1,1,1.62730622134677,-0.435802438576956
0,0,0,0,1,0.565838998658638,0.457254172915096
2,0,1,1,1,0.856842972286188,0.291098344535307
2,0,1,1,0,0,-1.97370706520502
1,1,0,0,0,0,-0.339056554606073
1,1,0,0,1,-0.0212500730230995,-1.07861309311775
0,0,0,0,0,0,0.111895664685945
2,0,1,1,0,0,-0.717465469357702
0,0,0,1,1,-0.306412815956243,-0.0141590699452061
0,0,0,0,1,0.761850754038571,1.25357795664745
2,0,1,0,0,0,1.70175282815211
2,0,1,1,0,0,0.79854586307457
2,0,1,1,0,0,-1.59811974378743
1,1,0,1,1,2.37113947016948,1.46719868229229
1,1,0,1,1,-0.1954131744117,1.07507162087436
1,1,0,0,0,0,0.253438093812876
2,0,1,1,1,1.49753579388809,2.4304721848592
0,0,0,1,1,-0.464335665036384,-0.460952059904312
2,0,1,0,0,0,1.79368315149443
2,0,1,1,1,-0.355903670179153,-1.10649932245121
2,0,1,1,0,0,-0.39723198954959
1,1,0,0,1,0.717000064669293,-1.17255449989668
1,1,0,0,1,-0.824433101918662,0.562614263538735
2,0,1,0,0,0,0.363942575526966
1,1,0,1,0,0,-0.651217860334075
0,0,0,0,1,1.00640855642623,-1.40697132952311
2,0,1,0,1,-1.59993440163628,-2.69761358456774
1,1,0,1,1,-2.33202344015811,-0.953621301959846
1,1,0,0,1,-0.0867356861976173,-1.43452927842027
2,0,1,0,1,0.397500197769317,0.661083447241108
0,0,0,1,1,1.33710046179758,1.07742771980764
1,1,0,1,0,0,-2.00216269644236
1,1,0,0,0,0,-1.74738772053401
1,1,0,1,0,0,-0.478948170222289
0,0,0,0,1,0.189816517512907,0.947337327600543
0,0,0,0,1,1.01847317768942,1.25319824591572
1,1,0,1,0,0,1.47047307726985
0,0,0,0,1,0.309824466057676,-0.396390494463064
2,0,1,0,0,0,-0.657613697601584
1,1,0,1,1,0.745550991814368,-1.03375624411826
2,0,1,1,0,0,0.550929999928471
2,0,1,1,1,-0.89066280852507,0.764798919794798
1,1,0,0,1,-0.00482508272390743,-1.53014540049252
0,0,0,0,1,-0.522395289509461,-0.139826781288614
2,0,1,0,0,0,-0.531307735347868
0,0,0,1,0,0,0.60215853077252
2,0,1,0,1,-0.164233047403077,1.14388918386496
0,0,0,0,0,0,1.19951230758457
1,1,0,1,0,0,0.487490676260187
0,0,0,0,0,0,-0.418717768560972
1,1,0,1,1,2.35087932637238,-0.477655685000826
0,0,0,1,0,0,-1.17433530494196
0,0,0,1,1,-1.32286497057486,1.16434778983777
2,0,1,1,0,0,-0.898357907678921
1,1,0,1,0,0,-1.94734130839085
1,1,0,1,1,0.104950485987608,-0.827012069881073
1,1,0,0,1,-0.247530819352581,1.45105559758262
1,1,0,0,0,0,0.252831523413305
0,0,0,0,0,0,-0.36675849984425
2,0,1,1,0,0,0.204297917906765
2,0,1,1,1,0.447631746603924,0.388439249802355
2,0,1,0,0,0,0.437946868983358
2,0,1,0,1,1.85059323478303,-0.180282087825631
1,1,0,1,0,0,2.28442264488692
1,1,0,0,1,0.976666637179664,1.05823318035384
1,1,0,0,0,0,-2.47694656047609
1,1,0,0,0,0,-0.951413362471405
0,0,0,0,0,0,-0.032491425047523
0,0,0,0,1,-0.581086834521549,0.497178071771316
1,1,0,0,1,-1.35225876412153,-0.284751085114379
0,0,0,0,1,0.912815472501865,-0.0458646057753578
2,0,1,1,1,-0.913839788578267,-0.324915309594375
2,0,1,0,1,-0.639009372863253,-1.31636579445353
0,0,0,0,1,0.532970441743433,2.12976137172125
1,1,0,1,1,-1.44029217760791,-0.196122723288569
0,0,0,1,1,1.61589060094006,2.32465767593706
2,0,1,0,0,0,-0.890219012419035
2,0,1,0,0,0,-0.257184975582185
0,0,0,0,1,0.173092639748009,-1.30884125745298
2,0,1,0,1,-0.161354307581029,-0.855603814288232
0,0,0,1,0,0,0.90203774867366
2,0,1,0,1,0.872940785957645,0.755764982561674
2,0,1,1,0,0,-0.875472247288897
1,1,0,1,0,0,0.150960373130046
2,0,1,1,0,0,-0.440395043631145
2,0,1,1,0,0,0.827646034252867
1,1,0,1,1,0.871340977810964,-0.769324687563751
0,0,0,1,0,0,1.55577597976405
0,0,0,1,1,-0.176325604838186,-1.5503513656533
0,0,0,0,0,0,0.29074601583082
0,0,0,0,1,1.16529549010529,-1.51302468090748
0,0,0,0,0,0,-0.725653514881862
1,1,0,1,1,0.435648611424658,-1.07560866106825
2,0,1,0,1,1.16298225047984,1.54881755347135
1,1,0,1,1,0.332571397152828,-0.162520912311842
1,1,0,1,1,-0.118672169268625,0.32582079777984
2,0,1,1,1,1.80698138187842,-1.44190810038096
2,0,1,1,1,-0.70645559934485,-0.960074553978256
2,0,1,1,0,0,0.347577745603058
2,0,1,0,0,0,-0.103118129655292
2,0,1,0,1,0.699478440161989,0.660631387968933
1,1,0,1,0,0,1.15711005219815
1,1,0,0,0,0,-0.919389089837682
0,0,0,0,0,0,-0.97052435957043
0,0,0,0,1,2.07862410309925,0.45609777526648
2,0,1,1,0,0,-0.120815625979812
1,1,0,1,1,-0.339302350953462,0.0128987345422957
1,1,0,1,1,0.701018435382624,-0.885564102880688
1,1,0,0,1,0.388239457471595,-0.948585565673693
2,0,1,1,0,0,0.446796010439429
1,1,0,1,0,0,1.56014644755619
1,1,0,0,1,-0.274675868764029,-0.346515774491036
1,1,0,1,0,0,1.1081698995999
1,1,0,0,0,0,1.36971184766646
0,0,0,1,0,0,1.07199818925981
2,0,1,1,0,0,1.51641617414587
2,0,1,0,1,0.0674950153286675,0.358780632442108
1,1,0,0,1,0.684290528810667,-1.61424278118396
2,0,1,1,0,0,-0.823768791707386
1,1,0,0,0,0,-0.154559669852653
2,0,1,1,0,0,-1.45194923006739
1,1,0,0,1,2.38247585959502,-0.524204831582902
1,1,0,0,1,0.950969231154527,1.27469684830293
0,0,0,1,0,0,-0.780472960279555
0,0,0,1,0,0,0.202979836740125
0,0,0,1,1,-0.171277347769891,0.281283422562518
2,0,1,1,1,-1.88767033590589,1.84524676668318
2,0,1,0,1,0.318262135021199,-0.25182327778131
2,0,1,1,0,0,0.645360925282678
0,0,0,1,0,0,-1.23134830379495
2,0,1,1,1,0.330092378798616,-0.877141725655794
2,0,1,1,0,0,0.326549586048414
2,0,1,0,0,0,0.524352814062885
0,0,0,1,0,0,-0.472167649197909
1,1,0,1,1,-0.714669731762773,0.274734104548089
2,0,1,1,1,1.07297579740354,-0.672731993429843
2,0,1,0,1,0.459037742516001,0.574249115548189
0,0,0,0,0,0,-0.702347581171005
0,0,0,1,0,0,0.251299157571409
2,0,1,0,0,0,0.35241289278852
1,1,0,0,0,0,1.43288102076621
1,1,0,1,0,0,-1.10945376385603
0,0,0,1,1,0.653631928222762,0.213758738922532
0,0,0,0,1,-0.41160822170082,-1.72640704582879
2,0,1,0,1,-0.607830443005123,0.126833141214299
2,0,1,0,1,-0.392983474577211,0.784311139905076
2,0,1,1,1,-1.03143620552465,-1.06718270455173
0,0,0,1,1,-0.447696584043328,-0.205144452171096
0,0,0,1,1,0.792550630459216,1.22861741890164
0,0,0,1,1,-2.16783130537641,1.65578942921709
1,1,0,0,0,0,0.00204915056058413
0,0,0,0,0,0,1.48582605218749
2,0,1,0,0,0,-0.158552764976337
0,0,0,0,0,0,-0.873935212050787
0,0,0,1,0,0,-0.103840838300451
1,1,0,1,1,-1.68799161215946,-1.74260074239047
2,0,1,1,1,0.0974187227095387,-0.826254371536301
0,0,0,1,0,0,-0.621223614816197
0,0,0,1,0,0,1.37842819831818
1,1,0,1,1,0.397114191347519,0.222554906989031
0,0,0,0,0,0,2.0441419940736
1,1,0,1,0,0,0.445133845814244
2,0,1,0,0,0,0.353636705890539
1,1,0,0,0,0,-0.223732929346704
0,0,0,1,1,-0.870868310715412,-0.891540757117666
1,1,0,1,1,0.603542716759754,0.169471299932631
0,0,0,0,0,0,-0.37613896324538
1,1,0,0,1,1.32083861955078,-1.55725340974249
1,1,0,1,1,0.749766235593557,0.514936925050676
2,0,1,1,0,0,-0.164991013381563
2,0,1,0,1,-1.4809390899976,0.261998016262877
1,1,0,0,0,0,-0.520395868601457
2,0,1,0,0,0,0.685396227504035
0,0,0,0,0,0,-0.598537540862005
1,1,0,0,1,-0.654198179771599,0.355786097289335
2,0,1,0,1,-0.776543916971858,0.668191547896034
2,0,1,1,1,-0.265252378470861,-0.125350721106266
2,0,1,0,1,-0.595352600526178,-0.920368540041126
1,1,0,0,1,-0.764437048439723,0.238640030874522
1,1,0,1,0,0,1.0771930885576
2,0,1,1,0,0,-2.17803788848722
0,0,0,0,0,0,0.114004895583743
2,0,1,0,0,0,0.141137431652743
1,1,0,1,1,1.96697045682056,0.349953412409055
2,0,1,0,0,0,-0.378675970050021
1,1,0,1,1,-0.259511109348031,0.338181195499084
2,0,1,1,0,0,-0.554088429750603
2,0,1,1,0,0,0.255297226118625
0,0,0,0,1,-0.0802886572942085,1.14813868195174
1,1,0,0,0,0,-0.0907691714256123
2,0,1,1,1,0.355291508054557,-1.07922172471434
1,1,0,1,0,0,-0.103371394575891
0,0,0,0,1,-1.6485318861907,0.434096007315284
1,1,0,1,0,0,-0.270224339786271
1,1,0,0,1,-1.06226162438676,1.66128025826445
2,0,1,1,0,0,-0.441169333091204
1,1,0,1,1,0.537452190108529,-0.425077499830041
1,1,0,1,0,0,1.62966579817731
2,0,1,0,0,0,0.298640507452732
2,0,1,1,0,0,0.535309374886978
0,0,0,0,1,0.419843392044533,1.333635071889
2,0,1,1,0,0,-0.655184187799083
2,0,1,0,0,0,-0.185700619572019
2,0,1,0,1,-1.08150516603337,0.869491344391853
0,0,0,1,1,1.18844994963556,-0.796659949088108
1,1,0,0,0,0,0.238861611391116
1,1,0,1,1,0.00477224507959441,-1.16341334758055
0,0,0,1,1,0.211677806847782,0.50931699192848
0,0,0,1,0,0,2.23565902501217
2,0,1,0,1,0.179507787804339,-0.16253764740436
1,1,0,0,0,0,-0.402266762671003
1,1,0,0,0,0,1.66108539184346
1,1,0,0,1,-0.474927529829016,-0.938004709069026
0,0,0,1,1,-1.74686661819394,-0.376592004760723
1,1,0,0,0,0,-0.0327903672443265
1,1,0,1,1,-0.0588966249524572,0.606995054782396
0,0,0,1,1,-1.48250394814581,-1.08904281954363
2,0,1,0,0,0,-0.967776418794894
2,0,1,1,0,0,0.304440516626637
0,0,0,1,0,0,-0.189141357044054
2,0,1,1,0,0,-1.67600657729442
0,0,0,1,1,-0.0924393014540945,-1.72359919730205
2,0,1,0,0,0,-1.73212503654236
0,0,0,0,1,0.276853518506069,0.0198097178275879
1,1,0,1,1,0.267537919757305,0.453133076045615
1,1,0,0,1,-1.30511156368228,0.667068467174987
2,0,1,0,0,0,-1.06198768565426
1,1,0,1,1,0.434942494317381,-2.01083941163818
1,1,0,1,1,-1.13059132720338,0.592231452135565
2,0,1,1,0,0,-0.0842052691808231
1,1,0,1,0,0,-0.0177467080014588
1,1,0,0,0,0,-0.406095065061171
2,0,1,1,1,0.320855378637196,-0.311563926146836
0,0,0,1,1,0.669813693327665,1.90175492040246
2,0,1,1,0,0,-0.153849702180605
0,0,0,1,0,0,0.510788428160176
2,0,1,0,1,1.65774084367012,-2.17129774530226
1,1,0,1,1,-1.96478445760068,-1.48734145529967
2,0,1,1,0,0,-0.78170358612352
1,1,0,1,0,0,0.146792795663426
1,1,0,0,1,0.894221484378572,0.361658284774414
2,0,1,1,1,-0.0899460877781789,2.50978583892979
0,0,0,0,1,-0.00373616124852324,-1.75733350828577
0,0,0,1,1,-0.487268331017409,-1.72814651458336
2,0,1,0,0,0,-0.281181026229459
1,1,0,0,1,0.303465740885201,-0.869424608828757
0,0,0,1,1,-0.185704127981884,-1.038585105133
1,1,0,0,0,0,0.952893903279977
0,0,0,1,1,-0.543215484766043,-0.426678157597064
0,0,0,1,1,-0.463643911510749,0.468521614879776
0,0,0,0,0,0,0.203445279230777
0,0,0,0,1,0.682798664837511,-1.60065478543849
0,0,0,0,1,0.559055319109954,0.765861257168534
1,1,0,1,0,0,-0.25630582199278
0,0,0,0,1,1.16359489729788,-0.662155046903431
2,0,1,1,1,0.431313868139886,-0.153186598091928
0,0,0,1,1,-0.0738039457249408,0.393344950793667
2,0,1,1,1,-1.0590240534087,1.10495858219137
1,1,0,1,0,0,0.10208969429456
0,0,0,0,1,0.383505343021379,-1.72467905294672
1,1,0,0,0,0,0.834326701498036
2,0,1,1,1,-0.233319908363503,-0.546477823697306
2,0,1,1,1,0.290918756653124,1.84520500739753
1,1,0,0,0,0,0.610033868507636
2,0,1,0,0,0,0.654146786489993
2,0,1,1,1,0.93920755094873,-0.341026706611392
0,0,0,0,0,0,-0.843250124392585
0,0,0,1,0,0,-0.729900086809675
0,0,0,0,1,-0.418220246114692,-1.29661404553481
0,0,0,0,0,0,-0.823677425279959
2,0,1,1,0,0,1.18192718623158
2,0,1,1,0,0,-0.598259248421472
2,0,1,1,1,-0.407710656932105,-0.0595716759176482
1,1,0,0,1,-0.186274825324206,1.55738542394855
0,0,0,1,1,0.282064953474433,-0.498709997234646
2,0,1,0,0,0,-0.201447262528007
2,0,1,1,1,2.09306530881659,0.691337335500217
0,0,0,1,0,0,0.19941064461313
1,1,0,1,1,-0.795488538584803,0.462601761424679
2,0,1,0,1,1.4011519645333,-0.378359134357779
2,0,1,1,0,0,-0.176893807406752
2,0,1,1,1,-0.142833800702955,1.61990066117468
1,1,0,1,1,0.962353677029409,2.02149143744468
1,1,0,0,1,0.130293424962825,-0.0343590231663565
1,1,0,0,0,0,-0.774063000023659
0,0,0,1,0,0,-0.0908278652727527
2,0,1,0,1,-0.459282139282926,-0.577424165932619
1,1,0,0,0,0,-0.71855176502759
1,1,0,1,0,0,-1.97437946038828
0,0,0,1,1,-0.18628102426182,-1.55009278756672
0,0,0,1,0,0,-0.0293753893029918
1,1,0,1,1,1.0228855737015,-0.647091903132727
1,1,0,0,1,1.32854551315304,1.3222829932266
2,0,1,0,1,1.02501742102853,-1.85120590791259
2,0,1,1,0,0,-0.928690291216705
2,0,1,0,1,-0.488615611149242,0.502759230352672
0,0,0,1,0,0,0.46900410826905
0,0,0,0,1,-1.2083761362171,-0.440211913323811
1,1,0,1,1,0.46895962097152,-1.00343111988398
0,0,0,0,0,0,-2.37124604951747
2,0,1,0,1,0.59514267745037,-0.47582499414656
2,0,1,1,1,-2.4231544968872,0.469540855009131
0,0,0,1,0,0,-0.120966749908818
2,0,1,0,0,0,-1.36919523479969
2,0,1,0,1,0.0950770179497332,0.955756233923989
1,1,0,1,0,0,0.73696528673755
2,0,1,1,0,0,-0.190365722515714
2,0,1,0,0,0,0.0822042352327541
1,1,0,0,1,2.15125961945932,0.0736498852972556
2,0,1,1,1,-0.116035346385655,0.178380943524724
1,1,0,0,0,0,0.771842378688223
0,0,0,0,1,-0.568458215892651,-0.360321836539484
1,1,0,0,1,-0.929374034524094,1.58899124623141
1,1,0,0,0,0,-1.14474168104245
1,1,0,1,0,0,-0.321951426457958
1,1,0,0,0,0,-0.800874394540186
2,0,1,1,1,-1.72669388322196,-0.665742429598776
2,0,1,0,0,0,-1.65193582591131
2,0,1,0,1,-0.414837711446666,1.16573700620416
1,1,0,1,0,0,0.0762817405343337
1,1,0,0,0,0,-0.126918742507837
2,0,1,0,1,0.370247914400449,0.096215314502102
2,0,1,1,1,-0.905689131601965,-0.710755553506105
2,0,1,0,0,0,-0.369953623231962
0,0,0,0,1,0.322635974738157,0.897373705205049
1,1,0,1,0,0,-0.0665676364020489
0,0,0,1,1,0.8532296972007,0.51102210496236
1,1,0,1,1,-0.517934195974225,0.655365430142152
2,0,1,0,1,0.559627778646429,1.02816015610423
2,0,1,0,1,0.63237284495555,-0.534972233142168
2,0,1,0,1,0.0285307414789176,-0.745260075124438
1,1,0,0,0,0,0.379446320133454
2,0,1,1,1,2.01316529589242,-0.942830015499938
1,1,0,1,1,-1.19187597238552,1.175594457307
2,0,1,0,1,0.344077928355959,-1.07333804139844
2,0,1,1,0,0,1.0916149928591
2,0,1,0,0,0,1.6264491335755
1,1,0,1,0,0,-1.28849632276303
1,1,0,0,0,0,1.18211364448388
0,0,0,1,0,0,0.518985009721661
2,0,1,1,0,0,0.115657596944933
2,0,1,1,1,-0.848944069777504,-0.237965023111328
2,0,1,0,1,-0.645460674084606,-0.18570169250476
1,1,0,0,0,0,0.882919045176515
1,1,0,0,1,0.508772533976018,-0.64670136066614
0,0,0,0,1,1.15592602528088,-0.609795962843608
2,0,1,1,1,0.239882453073345,3.09031352257961
1,1,0,0,1,1.36633136022996,1.59149582216295
0,0,0,1,1,-0.852306468368748,1.08725507426415
2,0,1,1,0,0,0.958008314804069
2,0,1,1,1,0.406708579179773,-0.0253737077087346
2,0,1,1,0,0,-1.7395502135932
0,0,0,0,0,0,-0.191028098939113
2,0,1,0,1,-0.455988510972596,0.761438251676395
1,1,0,1,0,0,0.671556648881851
0,0,0,1,0,0,1.60443461671876
1,1,0,0,0,0,1.22216331648487
0,0,0,1,1,-0.680795359780522,0.453827076499485
2,0,1,0,1,-2.54129349478916,-0.551726935878759
0,0,0,1,1,0.825646576345771,-0.282671316242293
2,0,1,0,1,1.93216372417658,0.510617655383815
2,0,1,1,1,0.567010216158774,-0.471007983567079
1,1,0,0,1,1.43728198608603,-0.444756869603123
1,1,0,0,0,0,1.45437212074733
2,0,1,0,1,0.129572401132427,-0.133780917799702
2,0,1,1,1,-1.15039890881225,-1.58123810534799
1,1,0,0,0,0,-2.19275142472681
1,1,0,0,0,0,0.245193294145767
0,0,0,1,1,-0.795068523955778,-0.479060194310237
1,1,0,1,0,0,-0.397420283296695
2,0,1,0,1,-0.725773163440974,-0.139619659412875
2,0,1,0,0,0,0.0372325910783831
2,0,1,1,1,1.16533832496374,-1.01910428366991
0,0,0,1,0,0,-0.0253468654156336
2,0,1,0,1,-0.405825535128289,-2.19566416792923
1,1,0,1,1,0.161796885050825,-0.93387407280418
1,1,0,0,0,0,-0.394164633060025
0,0,0,0,0,0,0.277388200129363
2,0,1,0,1,-1.25237671004009,0.277813773213772
0,0,0,0,0,0,1.26675585143554
0,0,0,0,0,0,1.68232280307168
1,1,0,0,1,-0.110702998431209,0.44496020229728
1,1,0,0,0,0,-0.826574753985311
1,1,0,0,1,-1.54295442413268,0.533259551256736
1,1,0,1,1,-0.626263812389228,1.2526915317511
1,1,0,1,0,0,1.12825101338352
1,1,0,0,1,0.82496174821022,0.102478713143925
1,1,0,0,1,1.76817496106214,-1.45560402244
1,1,0,1,1,0.552914646815162,-1.28871468603381
2,0,1,0,1,0.167550460036399,-0.366104907807884
2,0,1,0,1,1.13643621071517,0.52062047239549
1,1,0,1,1,0.793719098552848,-0.589407405961314
2,0,1,0,0,0,-1.56882947713104
0,0,0,1,0,0,1.32098988165658
0,0,0,0,0,0,-0.452561481894835
0,0,0,0,0,0,1.0003735026728
0,0,0,1,0,0,0.43710429413519
0,0,0,1,1,-2.3599401557966,-1.3052573805649
0,0,0,0,1,-1.70744256442093,0.0551431456297881
0,0,0,1,1,-0.756238481338613,0.673866425789854
1,1,0,1,1,-0.796196966538957,-0.685731538589049
0,0,0,0,0,0,-0.694316724451659
0,0,0,1,0,0,0.320326000734923
1,1,0,1,0,0,-1.0378472057455
2,0,1,1,1,-1.51750571209409,-0.6816911430403
2,0,1,0,0,0,1.32580856725878
1,1,0,0,1,-0.602270667772353,-0.343829275769617
2,0,1,0,1,-0.853344030207622,0.454657785324983
1,1,0,0,1,1.16319948003024,-0.488812553960986
1,1,0,1,0,0,-1.54366226852573
0,0,0,0,1,-0.534491633574004,-0.478442609220632
1,1,0,0,0,0,-0.561534735700751
1,1,0,0,0,0,0.201080589614011
0,0,0,1,1,-1.19566213587604,-0.50304687968937
2,0,1,0,1,-0.342199010316583,1.01039161596697
0,0,0,1,0,0,-2.055807061704
1,1,0,0,1,-0.608935341159109,0.388990054789926
2,0,1,0,0,0,-0.532222043485058
1,1,0,0,0,0,0.964597311117554
1,1,0,1,0,0,0.0682443062845967
2,0,1,0,0,0,1.63185452451737
2,0,1,0,0,0,-0.408515881311986
2,0,1,1,1,0.331266765748727,-0.317511322376773
0,0,0,1,0,0,0.475253267056546
0,0,0,0,1,-0.158571200109528,1.05348460245452
2,0,1,1,0,0,-1.20793479868378
1,1,0,1,0,0,-2.65004584503455
1,1,0,0,1,-1.40363082914819,-0.190413736257164
1,1,0,0,0,0,0.248909510968605
2,0,1,1,0,0,1.52318670165352
1,1,0,1,1,0.647102834514356,-0.260697164013104
0,0,0,0,1,-0.290266716182279,0.0918142089515294
1,1,0,0,1,-0.524618994146463,0.670473354033656
1,1,0,1,1,-0.774544126504549,-0.618476118422609
2,0,1,1,0,0,-1.01399645140784
1,1,0,1,1,0.859105959423358,-0.229920814843503
2,0,1,0,0,0,-1.77664420015924
2,0,1,1,1,-0.0371100202034654,0.505545304402722
1,1,0,1,0,0,-1.03635312462734
1,1,0,1,0,0,-1.55560862919194
1,1,0,0,1,-1.4704348689326,0.0585403778227951
0,0,0,0,1,2.22594374377452,0.478398279880493
1,1,0,0,0,0,-0.234531471631652
2,0,1,1,0,0,0.530901949613375
1,1,0,1,1,-0.268174243917834,0.75417919301752
2,0,1,0,0,0,0.681866867329221
2,0,1,1,0,0,-0.207920445717749
1,1,0,1,1,0.340099016676316,0.265347410625087
1,1,0,1,1,0.423255732730623,-0.552270228683566
1,1,0,0,1,-1.22594856077461,1.50969358156139
2,0,1,0,1,1.28323621677795,-0.719972567826845
2,0,1,1,1,0.320304403006638,-1.15255937334461
1,1,0,1,1,0.213626391145057,-0.62617712169665
2,0,1,0,1,1.41178675883291,-0.69426175748046
2,0,1,0,1,0.228955032896755,-1.27854946416976
2,0,1,1,1,-1.63866741271353,-1.27694463076303
2,0,1,0,0,0,1.72933744000921
0,0,0,1,1,0.0550809269085388,0.0671331618887294
1,1,0,1,0,0,-0.923766754374762
1,1,0,0,0,0,1.06710768062141
1,1,0,0,0,0,-0.958446242877687
0,0,0,0,1,1.22948306711938,1.53423748896166
0,0,0,1,0,0,-0.291629048383316
2,0,1,1,0,0,-0.768653762967123
0,0,0,1,1,1.27478875257435,1.32030048144525
2,0,1,0,1,0.333763840383225,-0.557704768103784
0,0,0,1,0,0,0.00894433936374391
2,0,1,1,0,0,0.727160552999026
1,1,0,0,0,0,0.290380860777253
0,0,0,0,0,0,-0.639049499481868
1,1,0,1,1,-1.61006668103856,-2.10629281901201
0,0,0,1,1,1.15944772460831,-0.782104727218307
2,0,1,1,1,0.0140584386301689,0.682497300525407
1,1,0,0,1,0.261512813269449,1.07641664711184
0,0,0,0,0,0,0.245633669422263
0,0,0,0,1,1.34292631858814,0.927113355709244
0,0,0,1,0,0,0.322814249491288
0,0,0,0,1,0.470834955789785,1.45225289538037
1,1,0,0,1,-3.62396938708684,1.49913210521744
2,0,1,0,0,0,-0.58331493140101
1,1,0,1,0,0,0.0201610586366617
1,1,0,0,0,0,0.601275931364651
2,0,1,1,1,-1.58054706797028,1.28332506858979
0,0,0,1,0,0,0.147652015778453
2,0,1,1,0,0,-0.514832530169738
0,0,0,1,0,0,-0.0299040133691743
1,1,0,0,0,0,-1.33297545280476
0,0,0,1,0,0,-0.53220112135635
1,1,0,1,1,-0.75093046919942,-0.859533712966251
0,0,0,1,0,0,0.182305453325995
2,0,1,1,1,-1.21082722500649,-0.244131824014812
2,0,1,1,0,0,1.14566380788126
2,0,1,1,1,0.223365187203113,0.196432176987281
2,0,1,0,0,0,-1.13353458935084
1,1,0,0,0,0,0.439260709063294
0,0,0,0,1,0.221871726187582,-0.995212278451875
0,0,0,0,1,-0.617021546763017,0.207316467633817
1,1,0,0,1,1.2319292281987,2.44525906224664
1,1,0,1,0,0,-0.437642326215173
2,0,1,0,1,-0.71129637910453,0.201665650883188
0,0,0,0,0,0,1.14581241425128
1,1,0,0,0,0,-1.01509193006976
1,1,0,1,0,0,1.25432309098652
0,0,0,1,0,0,-0.40082769808565
2,0,1,0,0,0,0.832695096636849
1,1,0,0,0,0,-0.533797200110324
1,1,0,1,0,0,1.73070993621471
2,0,1,1,0,0,1.19319680724429
1,1,0,1,0,0,-0.686126695141975
1,1,0,1,1,-0.272042595143532,1.82920983625287
2,0,1,1,1,-0.591474480292294,-0.279439432649964
1,1,0,1,0,0,0.806608112773859
1,1,0,0,1,-0.818884660779729,0.177877281614629
2,0,1,1,1,0.125240964441083,-0.0048724896604177
1,1,0,0,1,-1.31293808654944,2.03099491240794
0,0,0,1,0,0,-1.53861731574165
1,1,0,1,0,0,-1.51744587475929
2,0,1,1,1,-0.238885507722121,0.811880824984049
1,1,0,0,1,0.895275929891625,-2.16356376546398
0,0,0,0,0,0,0.82165540274753
1,1,0,0,0,0,1.30701646180032
0,0,0,0,1,0.878852699364197,-1.48640233402341
1,1,0,0,1,-1.86082295807188,-0.0325260718764463
2,0,1,0,1,0.474768330885641,-0.598762905018848
1,1,0,0,0,0,0.932679288178095
1,1,0,1,1,-0.383611731327441,-0.633268242222766
1,1,0,1,1,0.518264991873539,0.803788795048345
0,0,0,1,0,0,-0.764304642938203
0,0,0,1,0,0,1.07739851826343
0,0,0,0,0,0,0.372813597904309
1,1,0,1,1,0.241883182024817,-1.1858881764493
0,0,0,0,0,0,-1.15109617945177
0,0,0,0,0,0,0.0566487522026037
1,1,0,1,1,-0.242745618570449,-1.97804933285208
0,0,0,1,1,0.0578043384870814,0.915747256182276
1,1,0,0,0,0,1.47645871065988
2,0,1,1,0,0,0.661347711364686
0,0,0,1,1,0.674480345781958,-1.14747439460108
2,0,1,0,0,0,0.240485543512003
0,0,0,0,1,0.791738957017644,2.23770646060684
1,1,0,0,0,0,1.25768048672777
0,0,0,1,1,-0.673183889650835,0.545797746698098
0,0,0,1,1,-1.24662383145373,0.87411384559671
0,0,0,0,1,-0.344964749900921,1.34341450461641
0,0,0,1,0,0,0.192075450811297
0,0,0,1,1,1.08356188495592,-0.106516095252761
0,0,0,0,1,0.411328932794789,-0.269776523606212
0,0,0,0,1,0.462141360415455,0.161531743703109
0,0,0,1,0,0,-0.232277995146972
1,1,0,1,1,-0.368273878735247,-0.764115812536577
2,0,1,0,1,-0.689037636131182,-0.929658429325166
2,0,1,0,0,0,0.607867121940199
0,0,0,0,1,2.13286748235684,-0.56511092617246
1,1,0,0,0,0,-0.941178873692055
1,1,0,0,1,-0.0333727317241068,-1.37133686574925
1,1,0,1,0,0,-1.37356488252373
0,0,0,0,0,0,0.6866086340252
0,0,0,0,0,0,-0.364054577098682
1,1,0,0,1,0.0380189296736959,0.619051052574027
0,0,0,1,0,0,1.21540494890038
0,0,0,0,0,0,-0.26682989307518
2,0,1,1,1,-0.200672169694896,0.725452410413563
1,1,0,0,1,0.140228411130525,2.89595167061958
2,0,1,0,0,0,-0.335367293861863
2,0,1,0,1,-0.246149984235549,0.447609643222778
0,0,0,1,1,-0.965557936235823,-0.305473391165055
2,0,1,0,0,0,1.11694791946871
2,0,1,1,1,0.560361373764491,-0.400223294888481
1,1,0,0,0,0,-0.417153086780037
1,1,0,0,1,1.50028349558734,0.662979290112119
0,0,0,1,0,0,-0.0217527732469558
2,0,1,0,0,0,-0.684637128410053
0,0,0,1,1,0.254540234783701,-2.16681712566637
1,1,0,1,0,0,-1.40786960093413
2,0,1,1,1,-0.667684242622293,-0.540657329567007
2,0,1,1,1,0.127038832746217,0.788313435143979
1,1,0,1,0,0,0.698926572099258
0,0,0,0,0,0,0.546187075685998
1,1,0,0,1,1.08386578580232,1.02782388360207
2,0,1,1,0,0,-0.199370743170748
2,0,1,0,1,1.84112737404796,0.381571263836441
1,1,0,1,0,0,-0.0618542531090765
0,0,0,1,0,0,0.449230726087626
2,0,1,1,0,0,-0.185499561199815
1,1,0,1,1,-1.32394466543951,1.03277452009334
2,0,1,0,0,0,-1.56168702052764
0,0,0,0,0,0,2.36192437443264
1,1,0,1,1,0.184199511645638,-0.270255354714994
2,0,1,1,1,-0.359092337533026,-1.23210535949779
0,0,0,1,1,0.611642476861901,-1.14502916178252
1,1,0,1,0,0,-0.0412685025373958
0,0,0,1,0,0,1.30180009185441
0,0,0,1,1,0.23870452770626,-0.943305734136657
1,1,0,1,0,0,0.41902327557753
1,1,0,0,0,0,-0.825772409956175
0,0,0,1,1,-0.513300605897658,0.954672223247918
1,1,0,0,1,-1.72294990468179,-0.551670852465969
0,0,0,1,0,0,-0.797514993920239
0,0,0,0,1,-1.13427339711617,2.17640665356615
0,0,0,1,0,0,0.279476284441403
0,0,0,0,1,-0.530942844552479,1.30820651792174
2,0,1,0,0,0,0.957490789307044
2,0,1,1,0,0,0.210268898691969
2,0,1,1,1,-0.200677447815512,1.35340102834514
2,0,1,1,0,0,-0.114082028638196
0,0,0,1,0,0,0.546055556037851
1,1,0,1,1,1.2381688192137,-1.55377675470055
0,0,0,1,0,0,-1.22196274171786
0,0,0,1,0,0,0.765226158648165
0,0,0,1,1,-0.519200965034281,-0.354101645477064
2,0,1,1,0,0,-0.410171282213301
1,1,0,1,0,0,0.384241589155241
1,1,0,0,0,0,-2.62905113181094
1,1,0,1,0,0,-0.360302987091546
0,0,0,0,0,0,-1.07987226058329
1,1,0,1,0,0,0.472329274436858
2,0,1,0,1,0.440336688787931,0.0305478908428822
2,0,1,0,1,0.970223032087615,-1.53200198708523
1,1,0,1,0,0,-0.099347736692604
2,0,1,1,0,0,-0.225783237119474
1,1,0,1,1,0.300992204296823,0.524337970396698
0,0,0,0,1,0.155201156759546,-0.625699910504679
1,1,0,1,1,-0.535059550336872,-1.34949072936346
1,1,0,1,1,0.90619073516677,-0.0755758536114959
0,0,0,0,0,0,0.501297166526375
0,0,0,1,1,1.68773133031607,0.360896023286956
0,0,0,1,0,0,0.660595472942342
2,0,1,0,0,0,-0.936747952259017
1,1,0,1,0,0,-0.85191958646018
2,0,1,0,1,0.54308391159947,-0.669131067514653
0,0,0,0,0,0,0.617255113405149
0,0,0,0,1,0.376090244704097,0.28364060362429
1,1,0,1,1,0.304671914874188,0.350975702033898
0,0,0,1,0,0,1.01750391426451
2,0,1,1,1,1.0975003718826,0.677656204983208
2,0,1,1,1,-0.257454504003297,-0.174162030842294
1,1,0,1,1,-0.437424325939371,0.161605450858558
0,0,0,1,0,0,2.22808153625508
2,0,1,1,0,0,1.44167650824058
2,0,1,0,1,0.598997843235139,-0.448535555941661
2,0,1,1,1,-0.233216860734969,-1.86462753317668
0,0,0,0,0,0,-0.392420914284623
1,1,0,0,1,0.956325517008481,0.134230346538703
1,1,0,0,0,0,-1.99763494036701
2,0,1,0,1,-1.38214104915358,1.30288133017051
2,0,1,1,0,0,1.41932930409004
1,1,0,1,1,1.38769028258482,-0.0116516666362024
2,0,1,0,1,-0.654253199743256,-0.392171726620127
1,1,0,0,0,0,0.751405573203867
1,1,0,1,0,0,0.731076745065522
0,0,0,0,0,0,-0.128089904692468
0,0,0,0,1,0.307828295668824,-0.556332072542855
2,0,1,1,1,-0.393434660518061,0.257585856427742
0,0,0,1,1,0.779375912561536,1.86149066079656
1,1,0,0,1,-1.33610757313192,-1.4550262400531
2,0,1,0,0,0,1.71803412931695
0,0,0,0,1,-0.988465900218543,-1.83623031905653
0,0,0,1,1,1.69146622251101,-0.836933877405571
1,1,0,1,0,0,0.574473831529545
2,0,1,1,1,-0.897233229024496,1.10950904710245
1,1,0,0,0,0,-0.86348654610065
0,0,0,1,0,0,-0.183800644218742
0,0,0,0,0,0,-0.816181542304018
1,1,0,1,1,-0.62223155319109,-1.54121695795483
1,1,0,1,1,0.13288467745319,1.14095999850611
0,0,0,0,1,-0.721841191582276,-0.481365257584428
1,1,0,0,0,0,0.030579427495883
0,0,0,0,0,0,2.11302423560265
1,1,0,1,0,0,0.341773192657503
0,0,0,0,0,0,-0.0262034073030944
1,1,0,0,1,0.216657146832952,0.720278057718164
2,0,1,0,0,0,0.240319877480641
0,0,0,1,0,0,-1.20641007989709
1,1,0,1,1,1.23835039746368,0.734276072763759
1,1,0,1,0,0,0.00840138604547863
0,0,0,0,0,0,-0.0889938914772009
1,1,0,0,1,0.139204994549553,0.76191676775644
1,1,0,1,1,1.78458694721501,0.195516516657686
0,0,0,0,1,-1.36811570043443,-0.54795712977378
2,0,1,1,1,-0.211538227025597,-1.20740267312625
2,0,1,0,1,-0.796626875395719,0.651187411856975
2,0,1,0,1,0.436828814143361,0.787447695200399
1,1,0,0,0,0,0.203237318828953
0,0,0,1,0,0,0.0917341356187901
2,0,1,1,1,-1.18141929275342,-0.0897419586074512
0,0,0,1,1,-1.67570423907402,-0.11830638268051
2,0,1,0,1,-0.319632159598842,-0.210051165071393
1,1,0,0,1,-1.73074185209255,1.43359171805301
1,1,0,0,0,0,1.16061046078445
0,0,0,0,0,0,-0.372854435510665
0,0,0,1,0,0,0.739722935971149
0,0,0,1,0,0,-0.57977941427748
2,0,1,1,1,-0.82051446102919,-0.716811172175868
2,0,1,1,0,0,-0.122259963901076
2,0,1,0,1,-0.472276793649151,0.207273828869761
2,0,1,1,1,-1.58715412333765,-0.565466727933412
0,0,0,0,1,0.630818994137804,-1.43921943872157
1,1,0,1,0,0,0.800344587159632
2,0,1,1,1,0.374400844217743,-0.446126222533971
1,1,0,1,0,0,0.0229575379936747
2,0,1,0,0,0,0.584728877091598
0,0,0,0,1,-0.551539427881687,0.0833848408418213
0,0,0,1,1,-1.31113446462446,0.0226588212105658
1,1,0,1,0,0,0.357492430864184
0,0,0,1,1,-0.202259266386523,0.548716483484171
2,0,1,1,0,0,-0.576491757710426
1,1,0,1,1,-0.0955994577691338,0.352011485351502
1,1,0,1,0,0,0.606728880417396
2,0,1,1,0,0,0.352750607488705
2,0,1,0,0,0,-1.52269553243174
2,0,1,1,1,-2.0860342805139,1.14741382376662
0,0,0,0,1,1.36888034690825,-1.04030343598117
1,1,0,0,1,0.503368163304473,1.94525685494958
2,0,1,1,1,-1.66969985242321,-0.661415745558266
0,0,0,0,1,2.03463807633908,-0.219558773931691
0,0,0,1,0,0,1.08933896641785
0,0,0,0,1,-0.081400492315017,-1.35814277712475
1,1,0,1,0,0,0.463774968999114
2,0,1,0,1,-1.39159331371608,0.735676964002657
2,0,1,0,0,0,0.537940096094992
0,0,0,1,1,-0.848249724148853,-0.72712066981196
0,0,0,0,1,0.331809430971113,0.455160137179118
2,0,1,0,0,0,-0.979545104025003
2,0,1,0,1,-1.35824288679762,0.298804779989579
1,1,0,0,0,0,-0.551777870097639
0,0,0,0,0,0,0.189286298703857
0,0,0,1,1,-0.399058395511131,-0.815779355390068
2,0,1,1,1,-0.0297403205830697,0.413129415102126
1,1,0,1,1,-0.350838484931951,-0.49195433387576
2,0,1,1,0,0,-0.851879355131987
0,0,0,0,0,0,-2.2064748372302
1,1,0,1,0,0,0.470551504511946
0,0,0,1,0,0,1.73846527848542
2,0,1,1,1,0.273200821518907,-0.555365702235674
0,0,0,0,1,-0.635783606591625,1.43886518651922
1,1,0,1,0,0,-0.184695413593675
1,1,0,0,1,-0.177661078350674,-0.812232504926446
2,0,1,0,1,0.260355945962066,0.0826375972403861
2,0,1,0,1,-2.13282933323366,-0.408265141876975
0,0,0,1,1,-1.8331569180645,0.694411222039305
0,0,0,1,1,-0.988252132535531,-0.859279601891416
0,0,0,0,0,0,0.129401829050187
2,0,1,0,0,0,0.287771071472969
1,1,0,0,1,0.150293173996046,0.127245036550813
0,0,0,1,0,0,0.286536688100194
0,0,0,0,1,0.272335007357787,-0.423578759249021
1,1,0,1,1,-0.654751957098616,-1.47895899305473
2,0,1,1,0,0,0.338076045715418
1,1,0,0,1,1.3738596372094,-0.945626754861265
0,0,0,0,0,0,1.11362445463113
0,0,0,1,0,0,-0.30800625038903
2,0,1,1,1,1.19574248354074,0.862735035730561
1,1,0,0,0,0,1.72426298838211
1,1,0,0,0,0,-0.339354114251801
2,0,1,0,0,0,-0.601782203009851
